{"cameraMode":{"drawMode":0,"name":"Shaded","section":"Shading Mode"},"sceneLighting":true,"audioPlay":false,"sceneViewState":{"showFog":true,"showMaterialUpdate":false,"showSkybox":true,"showFlares":true,"showImageEffects":true,"showParticleSystems":true},"in2DMode":false,"pivot":{"x":0.20724201202392579,"y":1.4154359102249146,"z":-0.19295597076416017},"rotation":{"x":0.03503802791237831,"y":-0.957301676273346,"z":0.1314888745546341,"w":0.25508007407188418},"size":2.55338978767395,"orthographic":false}